Caso,Fitness,Tiempo
MDG-a_1_n500_m50,7605.47,2.9564
MDG-a_2_n500_m50,7526.62,2.66034
MDG-a_3_n500_m50,7570.91,2.60607
MDG-a_4_n500_m50,7400.26,2.654
MDG-a_5_n500_m50,7422.36,2.69388
MDG-a_6_n500_m50,7469.67,2.56527
MDG-a_7_n500_m50,7498.46,2.45172
MDG-a_8_n500_m50,7559.92,2.32067
MDG-a_9_n500_m50,7672.12,2.73252
MDG-a_10_n500_m50,7569.61,2.70605
MDG-b_21_n2000_m200,1.08709e+07,35.2393
MDG-b_22_n2000_m200,1.08524e+07,33.1595
